_id,Employee,Reviewer,Period,Rating,Goals Met,Strengths,Areas to Improve,Review Date
,Michael Johnson,Sarah Chen,Q4 2024,5,95,Excellent technical skills. Strong leadership in code reviews. Mentors junior engineers effectively.,Could improve documentation practices.,2024-01-10
,Emily Rodriguez,Sarah Chen,Q4 2024,4,85,Quick learner. Great collaboration skills. Delivers quality code.,Needs to improve estimation accuracy.,2024-01-10
,Amanda Lee,David Kim,Q4 2024,4,90,Exceeded sales quota. Great client relationships. Strong presentation skills.,Work on pipeline forecasting.,2024-01-12
,Kevin Park,Sarah Chen,Q4 2024,4,80,Strong DevOps skills. Automated many processes. Reliable and consistent.,Could be more proactive in communication.,2024-01-11
,Thomas Garcia,David Kim,Q4 2024,3,70,Good customer rapport. Improving product knowledge.,Needs to increase activity volume. Work on closing skills.,2024-01-12
,Robert Taylor,Jessica Brown,Q4 2024,5,100,Exceptional campaign performance. Creative leadership. Strong team management.,Could delegate more to develop team.,2024-01-15
,Lisa Martinez,James Wilson,Q4 2024,4,88,Excellent operational efficiency. Process improvements saved 15%. Good vendor relationships.,Could improve cross-team communication.,2024-01-14
,Sarah Chen,James Wilson,Q4 2024,5,98,Outstanding technical leadership. Grew team 40%. Delivered major platform upgrade.,Balance strategic work with hands-on coding.,2024-01-16
,David Kim,James Wilson,Q4 2024,4,92,Strong sales leadership. Team exceeded quota. Built great culture.,Improve forecasting accuracy for board reporting.,2024-01-16
,Jessica Brown,James Wilson,Q4 2024,5,95,Transformed HR operations. Great employee engagement scores. Effective hiring.,Consider succession planning for key roles.,2024-01-16
